absurd = Stephan Suerken <absurd@debian.org>
abuss-guest = Antal A. Buss <abuss@puj.edu.co>
achiang-guest = Alex Chiang <achiang@canonical.com>
acid = Julien Danjou <acid@debian.org>
adejong = Arthur de Jong <adejong@debian.org>
adn = Mohammed Adnène Trojette <adn@debian.org>
adn-guest = Mohammed Adnène Trojette <adn@debian.org>
aelmahmoudy-guest = Ahmed El-Mahmoudy <aelmahmoudy@sabily.org>
afayolle = Alexandre Fayolle <afayolle@debian.org>
akumar = Kumar Appaiah <akumar@debian.org>
alessio = Alessio Treglia <alessio@debian.org>
alexandrequessy-guest = Alexandre Quessy <alexandre@quessy.net>
amillet-guest = Antoine Millet <antoine@inaps.org>
ana = Ana Beatriz Guerrero López <ana@debian.org>
andrewgee-guest = Andrew Gee <andrew@andrewgee.org>
andrewsh = Andrew O. Shadura <andrewsh@debian.org>
andrewsomething-guest = Andrew Starr-Bochicchio <asb@debian.org>
andyp-guest = Andrew Price <andy@andrewprice.me.uk>
angel = Angel Abad <angel@debian.org>
angelabad-guest = Angel Abad <angel@debian.org>
anoteng-guest = Andreas Noteng <andreas@noteng.no>
ansgar = Ansgar Burchardt <ansgar@debian.org>
aomighty-guest = Martin Kelly <martin@martingkelly.com>
apoikos = Apollon Oikonomopoulos <apoikos@debian.org>
apoikos-guest = Apollon Oikonomopoulos <apoikos@debian.org>
appaji = Giridhar Appaji Nag Yasa <appaji@debian.org>
appaji-guest = Giridhar Appaji Nag Yasa <appaji@debian.org>
arnau = Arnaud Fontaine <arnau@debian.org>
arnau-guest = Arnaud Fontaine <arnau@debian.org>
asb = Andrew Starr-Bochicchio <asb@debian.org>
astraw-guest = Andrew Straw <strawman@astraw.com>
atehwa-guest = Panu Kalliokoski <strawman@astraw.com>
aurel32 = Aurelien Jarno <aurel32@debian.org>
awen-guest = Andreas Wenning <awen@awen.dk>
azatoth-guest = Carl Fürstenberg <azatoth@gmail.com>
baby-guest = Miriam Ruiz <miriam@debian.org>
bam = Brian May <bam@debian.org>
barry = Barry Warsaw <barry@debian.org>
bdrung = Benjamin Drung <bdrung@debian.org>
bdrung-guest = Benjamin Drung <bdrung@debian.org>
bernat = Vincent Bernat <bernat@debian.org>
bernat-guest = Vincent Bernat <bernat@debian.org>
bigon = Laurent Bigonville <bigon@debian.org>
brettp-guest = Brett Parker <iDunno@sommitrealweird.co.uk>
bzed = Bernd Zeimetz <bzed@debian.org>
bzed-guest = Bernd Zeimetz <bzed@debian.org>
catlee-guest = Chris AtLee <chris@atlee.ca>
cdavid-guest = David Cournapeau <chris@atlee.ca>
cds-guest = Chris Silva <racerx@makeworld.com>
certik-guest = Ondřej Čertík <certik@debian.org>
cgalisteo-guest = Carlos Galisteo <cgalisteo@k-rolus.net>
chaica-guest = Carl Chenet <chaica@debian.org>
chrisk-guest = Christian Kastner <debian@kvr.at>
chrismurf-guest = Chris Murphy <chrismurf+ubuntu@gmail.com>
christoph = Christoph Egger <christoph@debian.org>
cjohnston-guest = Chris Johnston <chrisjohnston@ubuntu.com>
cjsmo-guest = Charlie Smotherman <cjsmo@cableone.net>
crschmidt-guest = Christopher Schmidt <crschmidt@metacarta.com>
danderson-guest = David Anderson <dave@natulte.net>
dandrimont-guest = Nicolas Dandrimont <olasd@debian.org>
danstender-guest = Daniel Stender <debian@danielstender.com>
dapal = David Paleino <dapal@debian.org>
davide125-guest = Davide Cavalca <davide@geexbox.org>
davidvilla-guest = David Villa Alises <David.Villa@gmail.com>
deavid-guest = David Martínez Martí <deavidsedice@gmail.com>
debacle = Wolfgang Borgert <debacle@debian.org>
debfx-guest = Felix Geyer <fgeyer@debian.org>
deepak-guest = Deepak Tripathi <deepak@debian.org>
dfiloni-guest = Devid Antonio Filoni <d.filoni@ubuntu.com>
diane-guest = Diane Trout <diane@ghic.org>
diocles = Tim Retout <diocles@debian.org>
dkg = Daniel Kahn Gillmor <dkg@debian.org>
dktrkranz = Luca Falavigna <dktrkranz@debian.org>
dktrkranz-guest = Luca Falavigna <dktrkranz@debian.org>
dlax-guest = Denis Laxalde <denis@laxalde.org>
doko = Matthias Klose <doko@debian.org>
dottedmag = Mikhail Gusarov <dottedmag@debian.org>
dottedmag-guest = Mikhail Gusarov <dottedmag@debian.org>
drnlmza-guest = Neil Muller <drnlmuller+debian@gmail.com>
edmonds = Robert Edmonds <edmonds@debian.org>
edward = Edward Betts <edward@debian.org>
eighthave = Hans-Christoph Steiner <eighthave@debian.org>
emillon-guest = Etienne Millon <me@emillon.org>
enrico = Enrico Zini <enrico@debian.org>
eriol-guest = Daniele Tricoli <eriol@mornie.org>
evgeni = Evgeni Golov <evgeni@debian.org>
fabo = Fathi Boudra <fabo@debian.org>
fabrizio-guest = Fabrizio Pollastri <f.pollastri@inrim.it>
federico-guest = Federico Ceratto <federico.ceratto@gmail.com>
ffm-guest = Luke Faraone <lfaraone@debian.org>
fgeyer = Felix Geyer <fgeyer@debian.org>
fladi-guest = Michael Fladischer <FladischerMichael@fladi.at>
ftlerror-guest = Guilherme de S. Pastore <gpastore@colband.com.br>
gaspa-guest = Andrea Gasparini <gaspa@yattaweb.it>
gcs = László Böszörményi <gcs@debian.org>
geole-guest = Georg W. Leonhardt <repo@geole.info>
georgesk = Georges Khaznadar <georgesk@debian.org>
ghantoos-guest = Ignace Mouzannar <mouzannar@gmail.com>
gilir-guest = Julien Lavergne <julien.lavergne@gmail.com>
goedson = Goedson Teixeira Paixao <goedson@debian.org>
gpastore = Guilherme de S. Pastore <gpastore@debian.org>
grantma = Matthew Grant <grantma@debian.org>
gudjon-guest = Gudjon I. Gudjonsson <gudjon@gudjon.org>
haas = Christoph Haas <haas@debian.org>
hanska-guest = David Paleino <dapal@gmail.com>
hashar-guest = Antoine Musso <amusso@free.fr>
hefee-guest = Sandro Knauß <bugs@sandroknauss.de>
hertzog = Raphaël Hertzog <hertzog@debian.org>
hggh-guest = Jonas Genannt <jonas.genannt@capi2name.de>
hugo6390-guest = Hugo Lefeuvre <hugo6390@orange.fr>
jandd = Jan Dittberner <jandd@debian.org>
jandd-guest = Jan Dittberner <jandd@debian.org>
janos = Janos Guljas <janos@debian.org>
janos-guest = Janos Guljas <janos@debian.org>
jbfavre-guest = Jean Baptiste Favre <debian@jbfavre.org>
jcfp-guest = JCF Ploemen <linux@jcf.pm>
jcristau = Julien Cristau <jcristau@debian.org>
jelmer = Jelmer Vernooij <jelmer@debian.org>
jenner = Igor Stroh <jenner@debian.org>
jheeris-guest = Jason Heeris <jason.heeris@gmail.com>
jluebbe = Jan Lübbe <jluebbe@debian.org>
jluebbe-guest = Jan Lübbe <jluebbe@debian.org>
jmalonzo-guest = Jan Michael Alonzo <jmalonzo@unpluggable.com>
jmw = Jonathan Wiltshire <jmw@debian.org>
jmw-guest = Jonathan Wiltshire <jmw@debian.org>
johannr-guest = Johannes Ring <johannr@simula.no>
johnpaulett-guest = John Paulett <john@paulett.org>
jollyroger-guest = Andriy Senkovych <jolly_roger@itblog.org.ua>
jordanm-guest = Jordan Metzmeier <jmetzmeier01@gmail.com>
joss = Josselin Mouette <joss@debian.org>
jredrejo = José L. Redrejo Rodríguez <jredrejo@debian.org>
jtaylor-guest = Julian Taylor <jtaylor.debian@googlemail.com>
juj-guest = Julien Jehannet <julien.jehannet@logilab.fr>
julian = Julián Moreno Patiño <julian@debian.org>
jump-guest = Julián Moreno Patiño <julian@debian.org>
jwilk = Jakub Wilk <jwilk@debian.org>
jwilk-guest = Jakub Wilk <jwilk@debian.org>
kcoyner = Kevin Coyner <kcoyner@debian.org>
kibi = Cyril Brulebois <kibi@debian.org>
kibi-guest = Cyril Brulebois <kibi@debian.org>
kitterma-guest = Scott Kitterman <kitterman@debian.org>
kitterman = Scott Kitterman <kitterman@debian.org>
kobold = Fabio Tranchitella <kobold@debian.org>
kov = Gustavo Noronha <kov@debian.org>
kumanna-guest = Kumar Appaiah <akumar@debian.org>
laarmen-guest = Simon Chopin <chopin.simon@gmail.com>
lamby = Chris Lamb <lamby@debian.org>
lash-guest = Andrea Corradi <lash@unstable.it>
leggewie-guest = Rolf Leggewie <foss@rolf.leggewie.biz>
leo.cavaille-guest = Léo Cavaillé <leo@cavaille.net>
lfaraone = Luke Faraone <lfaraone@debian.org>
lool = Loïc Minier <lool@debian.org>
luciano = Luciano Bello <luciano@debian.org>
luispedro-guest = Luis Pedro Coelho <luis@luispedro.org>
lxsameer-guest = Sameer Rahmani <lxsameer@gnu.org>
madduck = Martin F. Krafft <madduck@debian.org>
makowski-guest = Philippe Makowski <pmakowski@ibphoenix.fr>
malat = Mathieu Malaterre <malat@debian.org>
malex = Oleksandr V. Moskalenko <malex@debian.org>
malizor-guest = Nicolas Delvaux <contact@nicolas-delvaux.org>
marga = Margarita Manterola <marga@debian.org>
matthias-guest = Matthias Schmitz <matthias@sigxcpu.org>
matthiask-guest = Matthias Kümmerer <matthias@matthias-k.org>
maxy = Maximiliano Curia <maxy@debian.org>
mbaldessari-guest = Michele Baldessari <michele@pupazzo.org>
mca-guest = Michel Casabona <michel.casabona@free.fr>
mcasadevall = Michael Casadevall <mcasadevall@debian.org>
mejo = Jonas Meurer <mejo@debian.org>
metal = Marcelo Jorge Vieira <metal@debian.org>
mezgani-guest = Mezgani Ali <mezgani@nativelabs.org>
mhall119-guest = Michael Hall <mhall119@ubuntu.com>
michi = Michael Schutte <michi@debian.org>
mike-gabriel-guest = Mike Gabriel <sunweaver@debian.org>
miriam = Miriam Ruiz <miriam@debian.org>
mithrandi = Tristan Seligmann <mithrandi@debian.org>
mithrandi-guest = Tristan Seligmann <mithrandi@debian.org>
mitya57-guest = Dmitry Shachnev <mitya57@debian.org>
mlizaur-guest = Mauro Lizaur <mauro@cacavoladora.org>
moomoc-guest = Sebastian Humenda <shumenda@gmx.de>
morph = Sandro Tosi <morph@debian.org>
morph-guest = Sandro Tosi <morph@debian.org>
mpitt = Martin Pitt <mpitt@debian.org>
mrbeige-guest = Richard Darst <rkd@zgib.net>
mru-guest = Ulrich Dangel <mru@spamt.net>
mshuler-guest = Michael Shuler <michael@pbandjelly.org>
mtaylor-guest = Monty Taylor <mordred@inaugust.com>
mvo = Michael Vogt <mvo@debian.org>
myon = Christoph Berg <myon@debian.org>
nacho = Nacho Barrientos Arias <nacho@debian.org>
ncaniart-guest = Nicolas Caniart <nicolas@caniart.net>
ncommander-guest = Michael Casadevall <mcasadevall@debian.org>
neishm-guest = Mike Neish <neishm@atmosp.physics.utoronto.ca>
netzwurm = David Spreen <netzwurm@debian.org>
nijel = Michal Cihar <nijel@debian.org>
nikratio-guest = Nikolaus Rath <Nikolaus@rath.org>
nion = Nico Golde <nion@debian.org>
noahfx-guest = Josué Ortega <josueortega@debian.org.gt>
nobse = Norbert Tretkowski <nobse@debian.org>
nomadium = Miguel Landaeta <nomadium@debian.org>
nomadium-guest = Miguel Landaeta <nomadium@debian.org>
norsetto-guest = Cesare Tirabassi <norsetto@ubuntu.com>
noskcaj-guest = Jackson Doak <noskcaj@ubuntu.com>
nslater-guest = Noah Slater <nslater@tumbolia.org>
obergix = Olivier Berger <obergix@debian.org>
ockham-guest = Bernhard Reiter <ockham@raz.or.at>
odd_bloke-guest = Daniel Watkins <daniel@daniel-watkins.co.uk>
odyx = Didier Raboud <odyx@debian.org>
odyx-guest = Didier Raboud <odyx@debian.org>
olasd = Nicolas Dandrimont <olasd@debian.org>
osallou-guest = Olivier Sallou <osallou@debian.org>
oschwand-guest = Olivier Schwander <olivier.schwander@ens-lyon.org>
osrevolution-guest = Antonio De Luci <osrevolution@gmail.com>
oxan-guest = Oxan van Leeuwen <oxan@oxanvanleeuwen.nl>
pabs = Paul Wise <pabs@debian.org>
pabs-guest = Paul Wise <pabs@debian.org>
palli-guest = Pall Sigurdsson <palli@opensource.is>
paultag = Paul Richards Tagliamonte <paultag@debian.org>
paultag-guest = Paul Richards Tagliamonte <paultag@debian.org>
pcc-guest = Peter Collingbourne <pcc03@doc.ic.ac.uk>
pere = Petter Reinholdtsen <pere@debian.org>
piotr = Piotr Ożarowski <piotr@debian.org>
pl-guest = Piotr Lewandowski <piotr.lewandowski@gmail.com>
plessy = Charles Plessy <plessy@debian.org>
pochu-guest = Emilio Pozuelo Monfort <pochu@debian.org>
pox-guest = Piotr Ożarowski <piotr@debian.org>
quadrispro-guest = Alessio Treglia <alessio@debian.org>
rafael = Rafael Laboissière <rafael@debian.org>
rainct-guest = Siegfried-Angel Gevatter Pujals <rainct@ubuntu.com>
rak = Ryan Kavanagh <rak@debian.org>
rasputin-guest = Nima Talebi <nima@it.net.au>
rganesan = Ganesan Rajagopal <rganesan@debian.org>
rkd-guest = Richard Darst <rkd@zgib.net>
rmunn-guest = Robin Munn <robin_munn@sil.org>
rodrigo = Luis Rodrigo Gallardo Cruz <rodrigo@debian.org>
rodrigogc-guest = Rodrigo Gallardo <rodrigo@debian.org>
ross = Ross Burton <ross@debian.org>
rousseau = Ludovic Rousseau <rousseau@debian.org>
rrs = Ritesh Raj Sarraf <rrs@debian.org>
rrs-guest = Ritesh Raj Sarraf <rrs@debian.org>
rul-guest = Raúl Benencia <rul@kalgan.cc>
runa-guest = Runa Sandvik <runa.sandvik@gmail.com>
rustybear-guest = Kevin Coyner <kcoyner@debian.org>
santiago = Santiago Ruano Rincón <santiago@debian.org>
sez = Serafeim Zanikolas <sez@debian.org>
sez-guest = Serafeim Zanikolas <sez@debian.org>
sharky = Jeremy Lainé <sharky@debian.org>
shlomme = Torsten Marek <shlomme@debian.org>
smcv = Simon McVittie <smcv@debian.org>
smcv-guest = Simon McVittie <smcv@debian.org>
smr = Steven Michael Robbins <smr@debian.org>
soren-guest = Soren Hansen <soren@ubuntu.com>
spamaps = Clint Byrum <spamaps@debian.org>
spamaps-guest = Clint Byrum <spamaps@debian.org>
speijnik-guest = Stephan Peijnik <debian@sp.or.at>
spineau-guest = Sylvain Pineau <sylvain.pineau@canonical.com>
sramacher = Sebastian Ramacher <sramacher@debian.org>
sramacher-guest = Sebastian Ramacher <sramacher@debian.org>
statik-guest = Elliot Murphy <elliot@ubuntu.com>
stefanor = Stefano Rivera <stefanor@debian.org>
stefanor-guest = Stefano Rivera <stefanor@debian.org>
stew = Mike O'Connor <stew@debian.org>
stew-guest = Mike O'Connor <stew@debian.org>
sto = Sergio Talens-Oliag <sto@debian.org>
stone = Fredrik Steen <stone@debian.org>
stratus = Gustavo Franco <stratus@debian.org>
sunweaver = Mike Gabriel <sunweaver@debian.org>
supermihi-guest = Michael Helmling <michaelhelmling@posteo.de>
svedrin-guest = Michael Ziegler <diese-addy@funzt-halt.net>
sylvestre = Sylvestre Ledru <sylvestre@debian.org>
taem-guest = Timur Birsh <taem@linukz.org>
takaki = Takaki Taniguchi <takaki@debian.org>
takluyver-guest = Thomas Kluyver <thomas@kluyver.me.uk>
thomasbl-guest = Thomas Bläsing <thomasbl@pool.math.tu-berlin.de>
thuck-guest = Denis Doria <denisdoria@gmail.com>
tianon-guest = Tianon Gravi <admwiggin@gmail.com>
tille = Andreas Tille <tille@debian.org>
tincho-guest = Martín Ferrari <tincho@debian.org>
toabctl = Thomas Bechtold <toabctl@debian.org>
toabctl-guest = Thomas Bechtold <toabctl@debian.org>
toadstool-guest = Jérémie Corbier <jeremie.corbier@resel.enst-bretagne.fr>
tobald-guest = Christophe Siraut <tobald@debian.org>
tviehmann = Thomas Viehmann <tviehmann@debian.org>
twerner = Torsten Werner <twerner@debian.org>
ucko = Aaron M. Ucko <ucko@debian.org>
valhalla-guest = Elena Grandi <elena.valhalla@gmail.com>
varun = Varun Hiremath <varun@debian.org>
varun-guest = Varun Hiremath <varun@debian.org>
vasudev-guest = Vasudev Kamath <kamathvasudev@gmail.com>
vbkaisetsu-guest = Koichi Akabe <vbkaisetsu@gmail.com>
vcheng = Vincent Cheng <vcheng@debian.org>
vicho = Javier Merino Cacho <vicho@debian.org>
vincentc-guest = Vincent (pre-DD) Cheng (old) <vcheng@debian.org>
vt-guest = Vernon Tang <vt@foilhead.net>
wardi-guest = Ian Ward <ian@excess.org>
warp10 = Andrea Colangelo <warp10@debian.org>
warsaw-guest = Barry Warsaw <barry@debian.org>
werner = Morten Werner Forsbring <werner@debian.org>
wgrz-guest = William Grzybowski <william@agencialivre.com.br>
wrar-guest = Andrey Rahmatullin <wrar@debian.org>
xeno-guest = Stefan Ritter <xeno@thehappy.de>
xnox = Dimitri John Ledkov <xnox@debian.org>
yoh = Yaroslav Halchenko <yoh@debian.org>
zack = Stefano Zacchiroli <zack@debian.org>
zeha = Christian Hofstaedtler <zeha@debian.org>
zigo = Thomas Goirand <zigo@debian.org>
zyga-guest = Zygmunt Krynicki <zygmunt.krynicki@canonical.com>
